audio_link,cover_link
https://www.youtube.com/watch?v=2S0QhGGO1gQ,https://www.youtube.com/watch?v=rmP2u0ymOqU
https://www.youtube.com/watch?v=25ROFXjoaAU,https://www.youtube.com/watch?v=n1yS7WdYLZ8
https://www.youtube.com/watch?v=l5t9IXtTr6g,https://www.youtube.com/watch?v=-iZmfIcnlBM
https://www.youtube.com/watch?v=SND2LY0s8FE,https://www.youtube.com/watch?v=69na0K7Jytc
https://www.youtube.com/watch?v=jYEp86vn9EM,https://www.youtube.com/watch?v=S8TvXhLtLa0
https://www.youtube.com/watch?v=mgT0N3tMP74,https://www.youtube.com/watch?v=aupsSryUp2Q
https://www.youtube.com/watch?v=liTfD88dbCo,https://www.youtube.com/watch?v=BNCS26zJhh0
https://www.youtube.com/watch?v=zgaCZOQCpp8,https://www.youtube.com/watch?v=04Qp40l8k-E
https://www.youtube.com/watch?v=_03-NQCb-qw,https://www.youtube.com/watch?v=zd63j6KG9pE
https://www.youtube.com/watch?v=2S0QhGGO1gQ,https://www.youtube.com/watch?v=tR_5SzhwL0Q
https://www.youtube.com/watch?v=ZAt8oxY0GQo,https://www.youtube.com/watch?v=vttWbQ-N6h8
https://www.youtube.com/watch?v=eUlA12xv8To,https://www.youtube.com/watch?v=8zZPa4Pw8uw
https://www.youtube.com/watch?v=i_SsnRdgitA,https://www.youtube.com/watch?v=u7mldhtW1_0
https://www.youtube.com/watch?v=4h0a1NCeC14,https://www.youtube.com/watch?v=I2gMUHWAq3g
https://www.youtube.com/watch?v=62TrmUvQGjo,https://www.youtube.com/watch?v=eSjVVCmAJTE
https://www.youtube.com/watch?v=GhQxrCrVSyw,https://www.youtube.com/watch?v=Q4uPCERm3bo
https://www.youtube.com/watch?v=ml3vTanQPW4,https://www.youtube.com/watch?v=LSCyRlIFl48
https://www.youtube.com/watch?v=RVhY4yOYZ_4,https://www.youtube.com/watch?v=8bBHOFMl2wk
https://www.youtube.com/watch?v=xbvezW17yl8,https://www.youtube.com/watch?v=2d5QjjWT6IQ
https://www.youtube.com/watch?v=sJWzsH9Y4KY,https://www.youtube.com/watch?v=79qOY0wFWTw
https://www.youtube.com/watch?v=liTfD88dbCo,https://www.youtube.com/watch?v=fJ1TetO0eW0
https://www.youtube.com/watch?v=ja8q937WbTY,https://www.youtube.com/watch?v=K-g9I39eAXQ
https://www.youtube.com/watch?v=wxNhlCeB9WE,https://www.youtube.com/watch?v=RWQaHUth8pI
https://www.youtube.com/watch?v=l-jZOXa7gQY,https://www.youtube.com/watch?v=l-jZOXa7gQY
https://www.youtube.com/watch?v=Bdzv7JBvkis,https://www.youtube.com/watch?v=K9mJmGDYWDo